{"cameraMode":{"drawMode":0,"name":"Shaded","section":"Shading Mode"},"sceneLighting":true,"audioPlay":false,"sceneViewState":{"m_AlwaysRefresh":false,"showFog":true,"showSkybox":true,"showFlares":true,"showImageEffects":true,"showParticleSystems":true,"showVisualEffectGraphs":true,"m_FxEnabled":false},"in2DMode":false,"pivot":{"x":-165.89601135253907,"y":86.80736541748047,"z":837.8735961914063},"rotation":{"x":0.04298896715044975,"y":0.09337370842695236,"z":0.004034694749861956,"w":-0.9946958422660828},"size":442.7604675292969,"orthographic":false}